{"cameraMode":{"drawMode":0,"name":"Shaded","section":"Shading Mode"},"sceneLighting":false,"audioPlay":false,"sceneViewState":{"showFog":true,"showMaterialUpdate":false,"showSkybox":false,"showFlares":true,"showImageEffects":true,"showParticleSystems":true},"in2DMode":false,"pivot":{"x":5.960464477539063e-8,"y":0.0244000107049942,"z":0.23750002682209016},"rotation":{"x":0.30423954129219057,"y":0.3417363464832306,"z":-0.1179678663611412,"w":0.8813278675079346},"size":2.238185405731201,"orthographic":true}