{"cameraMode":{"drawMode":0,"name":"Shaded","section":"Shading Mode"},"sceneLighting":false,"audioPlay":false,"sceneViewState":{"showFog":true,"showMaterialUpdate":false,"showSkybox":false,"showFlares":true,"showImageEffects":true,"showParticleSystems":true},"in2DMode":false,"pivot":{"x":-0.17629759013652802,"y":0.21420684456825257,"z":0.09377309679985047},"rotation":{"x":0.33462172746658327,"y":0.26537853479385378,"z":-0.09879875183105469,"w":0.8988027572631836},"size":1.299777865409851,"orthographic":true}