{"cameraMode":{"drawMode":0,"name":"Shaded","section":"Shading Mode"},"sceneLighting":false,"audioPlay":false,"sceneViewState":{"showFog":true,"showMaterialUpdate":false,"showSkybox":false,"showFlares":true,"showImageEffects":true,"showParticleSystems":true},"in2DMode":false,"pivot":{"x":0.0,"y":0.024400070309638978,"z":0.44999998807907107},"rotation":{"x":0.3470746576786041,"y":0.24883538484573365,"z":-0.09605574607849121,"w":0.8991075754165649},"size":2.6576790809631349,"orthographic":true}