{"cameraMode":{"drawMode":0,"name":"Shaded","section":"Shading Mode"},"sceneLighting":false,"audioPlay":false,"sceneViewState":{"showFog":true,"showMaterialUpdate":false,"showSkybox":false,"showFlares":true,"showImageEffects":true,"showParticleSystems":true},"in2DMode":false,"pivot":{"x":-0.036853812634944919,"y":0.024399999529123308,"z":0.2048012912273407},"rotation":{"x":0.31493085622787478,"y":0.2531723976135254,"z":-0.08756642043590546,"w":0.9105255007743836},"size":0.5829077959060669,"orthographic":true}