{"cameraMode":{"drawMode":0,"name":"Shaded","section":"Shading Mode"},"sceneLighting":false,"audioPlay":false,"sceneViewState":{"showFog":true,"showMaterialUpdate":false,"showSkybox":false,"showFlares":true,"showImageEffects":true,"showParticleSystems":true},"in2DMode":false,"pivot":{"x":0.0,"y":0.28000006079673769,"z":0.47499996423721316},"rotation":{"x":-0.00002401512574579101,"y":-0.7069821953773499,"z":-0.000002662183760548942,"w":0.7072312831878662},"size":2.280405282974243,"orthographic":true}