{"cameraMode":{"drawMode":0,"name":"Shaded","section":"Shading Mode"},"sceneLighting":false,"audioPlay":false,"sceneViewState":{"showFog":true,"showMaterialUpdate":false,"showSkybox":false,"showFlares":true,"showImageEffects":true,"showParticleSystems":true},"in2DMode":false,"pivot":{"x":0.09328261017799378,"y":0.03924722224473953,"z":0.17156800627708436},"rotation":{"x":0.3902943432331085,"y":0.5896533727645874,"z":-0.39030489325523379,"w":0.5896411538124085},"size":0.8739853501319885,"orthographic":false}